{
    "camera_data": {
        "location_worldframe": {
            "x": 0.5069540143013,
            "y": 2.136423349380493,
            "z": -0.6834034323692322
        },
        "quaternion_xyzw_worldframe": {
            "x": 0.5304543375968933,
            "y": -0.30133241415023806,
            "z": 0.20915119349956513,
            "w": 0.7642465233802795
        }
    },
    "objects": []
}