{
    "camera_data": {
        "location_worldframe": {
            "x": -0.1711600422859192,
            "y": 1.2308567762374879,
            "z": -0.4066750407218933
        },
        "quaternion_xyzw_worldframe": {
            "x": 0.5997815728187561,
            "y": 0.1660095453262329,
            "z": -0.12896662950515748,
            "w": 0.7720560431480408
        }
    },
    "objects": []
}