{
    "camera_data": {
        "location_worldframe": {
            "x": 0.03656250238418579,
            "y": 0.84340900182724,
            "z": 0.3216603398323059
        },
        "quaternion_xyzw_worldframe": {
            "x": 0.03220047801733017,
            "y": 0.7950987815856934,
            "z": -0.6041399836540222,
            "w": 0.04237852245569229
        }
    },
    "objects": []
}