{
    "camera_data": {
        "location_worldframe": {
            "x": -0.42371147871017458,
            "y": 1.7104147672653199,
            "z": -0.33935195207595827
        },
        "quaternion_xyzw_worldframe": {
            "x": 0.5407557487487793,
            "y": 0.37984469532966616,
            "z": -0.2982315123081207,
            "w": 0.6887374520301819
        }
    },
    "objects": []
}