{
    "camera_data": {
        "location_worldframe": {
            "x": 0.22068443894386292,
            "y": 1.2511557340621949,
            "z": 0.6115526556968689
        },
        "quaternion_xyzw_worldframe": {
            "x": -0.08521924167871475,
            "y": 0.8324541449546814,
            "z": -0.5309478044509888,
            "w": -0.1336122304201126
        }
    },
    "objects": []
}